essay_id,generated
0,0.669142
1,0.56034887
2,0.39904287
